id,timestamp,source_ip,device_name,domain,protocol,port,risk_score,entropy,severity,agent_id,dst_ip,packet_size,device_type,os_family,brand,mac_address,identity_confidence,organization_id
1,2026-02-24 09:43:55,172.26.162.166,Remote Device,tm-sdk.platinumai.net,UDP,53,0,2.92193,LOW,GATEWAY_SENSE_01,172.26.162.254,81,Unknown,Unknown,Unknown,-,low,39b6f683-3560-4178-a1cf-3652ec1b1c8a
2,2026-02-24 09:43:55,172.26.162.166,Remote Device,tm-sdk.platinumai.net,UDP,53,0,2.92193,LOW,GATEWAY_SENSE_01,172.26.162.254,81,Unknown,Unknown,Unknown,-,low,39b6f683-3560-4178-a1cf-3652ec1b1c8a
3,2026-02-24 09:43:59,172.26.162.254,Remote Device,netvisor-prem-2026.loca.lt,UDP,53,0,3.72548,LOW,GATEWAY_SENSE_01,172.26.162.166,86,Unknown,Unknown,Unknown,-,low,39b6f683-3560-4178-a1cf-3652ec1b1c8a
4,2026-02-24 09:43:59,172.26.162.166,Remote Device,netvisor-prem-2026.loca.lt,UDP,53,0,3.72548,LOW,GATEWAY_SENSE_01,172.26.162.254,86,Unknown,Unknown,Unknown,-,low,39b6f683-3560-4178-a1cf-3652ec1b1c8a
5,2026-02-24 09:43:59,172.26.162.254,Remote Device,lemon-gifts-bake.loca.lt,UDP,53,0,3.75,LOW,GATEWAY_SENSE_01,172.26.162.166,84,Unknown,Unknown,Unknown,-,low,39b6f683-3560-4178-a1cf-3652ec1b1c8a
6,2026-02-24 09:43:59,172.26.162.166,Remote Device,lemon-gifts-bake.loca.lt,UDP,53,0,3.75,LOW,GATEWAY_SENSE_01,172.26.162.254,84,Unknown,Unknown,Unknown,-,low,39b6f683-3560-4178-a1cf-3652ec1b1c8a
7,2026-02-24 09:44:11,172.26.162.254,Remote Device,netvisor-prem-2026.loca.lt,UDP,53,0,3.72548,LOW,GATEWAY_SENSE_01,172.26.162.166,86,Unknown,Unknown,Unknown,-,low,39b6f683-3560-4178-a1cf-3652ec1b1c8a
8,2026-02-24 09:44:11,172.26.162.254,Remote Device,lemon-gifts-bake.loca.lt,UDP,53,0,3.75,LOW,GATEWAY_SENSE_01,172.26.162.166,84,Unknown,Unknown,Unknown,-,low,39b6f683-3560-4178-a1cf-3652ec1b1c8a
9,2026-02-24 09:44:11,172.26.162.166,Remote Device,netvisor-prem-2026.loca.lt,UDP,53,0,3.72548,LOW,GATEWAY_SENSE_01,172.26.162.254,86,Unknown,Unknown,Unknown,-,low,39b6f683-3560-4178-a1cf-3652ec1b1c8a
10,2026-02-24 09:44:11,172.26.162.166,Remote Device,lemon-gifts-bake.loca.lt,UDP,53,0,3.75,LOW,GATEWAY_SENSE_01,172.26.162.254,84,Unknown,Unknown,Unknown,-,low,39b6f683-3560-4178-a1cf-3652ec1b1c8a
11,2026-02-24 09:44:29,172.26.162.254,Remote Device,us-east-1.ctrl.prod.os.notifications.aws.dev,UDP,53,0,2.87314,LOW,GATEWAY_SENSE_01,172.26.162.166,104,Unknown,Unknown,Unknown,-,low,39b6f683-3560-4178-a1cf-3652ec1b1c8a
12,2026-02-24 09:44:29,172.26.162.254,Remote Device,us-east-1.ctrl.prod.os.notifications.aws.dev,UDP,53,0,2.87314,LOW,GATEWAY_SENSE_01,172.26.162.166,104,Unknown,Unknown,Unknown,-,low,39b6f683-3560-4178-a1cf-3652ec1b1c8a
13,2026-02-24 09:44:29,172.26.162.254,Remote Device,netvisor-prem-2026.loca.lt,UDP,53,0,3.72548,LOW,GATEWAY_SENSE_01,172.26.162.166,86,Unknown,Unknown,Unknown,-,low,39b6f683-3560-4178-a1cf-3652ec1b1c8a
14,2026-02-24 09:44:29,172.26.162.254,Remote Device,lemon-gifts-bake.loca.lt,UDP,53,0,3.75,LOW,GATEWAY_SENSE_01,172.26.162.166,84,Unknown,Unknown,Unknown,-,low,39b6f683-3560-4178-a1cf-3652ec1b1c8a
15,2026-02-24 09:44:29,172.26.162.166,Remote Device,us-east-1.ctrl.prod.os.notifications.aws.dev,UDP,53,0,2.87314,LOW,GATEWAY_SENSE_01,172.26.162.254,104,Unknown,Unknown,Unknown,-,low,39b6f683-3560-4178-a1cf-3652ec1b1c8a
16,2026-02-24 09:44:29,172.26.162.166,Remote Device,netvisor-prem-2026.loca.lt,UDP,53,0,3.72548,LOW,GATEWAY_SENSE_01,172.26.162.254,86,Unknown,Unknown,Unknown,-,low,39b6f683-3560-4178-a1cf-3652ec1b1c8a
17,2026-02-24 09:44:29,172.26.162.166,Remote Device,lemon-gifts-bake.loca.lt,UDP,53,0,3.75,LOW,GATEWAY_SENSE_01,172.26.162.254,84,Unknown,Unknown,Unknown,-,low,39b6f683-3560-4178-a1cf-3652ec1b1c8a
18,2026-02-24 09:44:29,172.26.162.166,Remote Device,us-east-1.ctrl.prod.os.notifications.aws.dev,UDP,53,0,2.87314,LOW,GATEWAY_SENSE_01,172.26.162.254,152,Unknown,Unknown,Unknown,-,low,39b6f683-3560-4178-a1cf-3652ec1b1c8a
19,2026-02-24 09:44:29,172.26.162.254,Remote Device,us-east-1.ctrl.prod.os.notifications.aws.dev,UDP,53,0,2.87314,LOW,GATEWAY_SENSE_01,172.26.162.166,104,Unknown,Unknown,Unknown,-,low,39b6f683-3560-4178-a1cf-3652ec1b1c8a
20,2026-02-24 09:44:29,172.26.162.166,Remote Device,us-east-1.ctrl.prod.os.notifications.aws.dev,UDP,53,0,2.87314,LOW,GATEWAY_SENSE_01,172.26.162.254,152,Unknown,Unknown,Unknown,-,low,39b6f683-3560-4178-a1cf-3652ec1b1c8a
21,2026-02-24 09:44:29,172.26.162.254,Remote Device,us-east-1.ctrl.prod.os.notifications.aws.dev,UDP,53,0,2.87314,LOW,GATEWAY_SENSE_01,172.26.162.166,104,Unknown,Unknown,Unknown,-,low,39b6f683-3560-4178-a1cf-3652ec1b1c8a
22,2026-02-24 09:44:29,172.26.162.166,Remote Device,us-east-1.ctrl.prod.os.notifications.aws.dev,UDP,53,0,2.87314,LOW,GATEWAY_SENSE_01,172.26.162.254,104,Unknown,Unknown,Unknown,-,low,39b6f683-3560-4178-a1cf-3652ec1b1c8a
23,2026-02-24 09:44:30,172.26.162.254,Remote Device,cell-0.ap-south-1.prod.telemetry.console.api.aws,UDP,53,0,3.12193,LOW,GATEWAY_SENSE_01,172.26.162.166,108,Unknown,Unknown,Unknown,-,low,39b6f683-3560-4178-a1cf-3652ec1b1c8a
24,2026-02-24 09:44:30,172.26.162.254,Remote Device,cell-0.ap-south-1.prod.telemetry.console.api.aws,UDP,53,0,3.12193,LOW,GATEWAY_SENSE_01,172.26.162.166,108,Unknown,Unknown,Unknown,-,low,39b6f683-3560-4178-a1cf-3652ec1b1c8a
25,2026-02-24 09:44:30,172.26.162.166,Remote Device,cell-0.ap-south-1.prod.telemetry.console.api.aws,UDP,53,0,3.12193,LOW,GATEWAY_SENSE_01,172.26.162.254,164,Unknown,Unknown,Unknown,-,low,39b6f683-3560-4178-a1cf-3652ec1b1c8a
26,2026-02-24 09:44:30,172.26.162.166,Remote Device,cell-0.ap-south-1.prod.telemetry.console.api.aws,UDP,53,0,3.12193,LOW,GATEWAY_SENSE_01,172.26.162.254,280,Unknown,Unknown,Unknown,-,low,39b6f683-3560-4178-a1cf-3652ec1b1c8a
27,2026-02-24 09:44:30,172.26.162.254,Remote Device,cell-0.ap-south-1.prod.telemetry.console.api.aws,UDP,53,0,3.12193,LOW,GATEWAY_SENSE_01,172.26.162.166,108,Unknown,Unknown,Unknown,-,low,39b6f683-3560-4178-a1cf-3652ec1b1c8a
28,2026-02-24 09:44:30,172.26.162.166,Remote Device,cell-0.ap-south-1.prod.telemetry.console.api.aws,UDP,53,0,3.12193,LOW,GATEWAY_SENSE_01,172.26.162.254,280,Unknown,Unknown,Unknown,-,low,39b6f683-3560-4178-a1cf-3652ec1b1c8a
29,2026-02-24 09:44:30,172.26.162.254,Remote Device,cell-0.ap-south-1.prod.telemetry.console.api.aws,UDP,53,0,3.12193,LOW,GATEWAY_SENSE_01,172.26.162.166,108,Unknown,Unknown,Unknown,-,low,39b6f683-3560-4178-a1cf-3652ec1b1c8a
30,2026-02-24 09:44:30,172.26.162.166,Remote Device,cell-0.ap-south-1.prod.telemetry.console.api.aws,UDP,53,0,3.12193,LOW,GATEWAY_SENSE_01,172.26.162.254,164,Unknown,Unknown,Unknown,-,low,39b6f683-3560-4178-a1cf-3652ec1b1c8a
31,2026-02-24 09:44:34,172.26.162.254,Remote Device,netvisor-prem-2026.loca.lt,UDP,53,0,3.72548,LOW,GATEWAY_SENSE_01,172.26.162.166,86,Unknown,Unknown,Unknown,-,low,39b6f683-3560-4178-a1cf-3652ec1b1c8a
32,2026-02-24 09:44:34,172.26.162.254,Remote Device,lemon-gifts-bake.loca.lt,UDP,53,0,3.75,LOW,GATEWAY_SENSE_01,172.26.162.166,84,Unknown,Unknown,Unknown,-,low,39b6f683-3560-4178-a1cf-3652ec1b1c8a
33,2026-02-24 09:44:34,172.26.162.166,Remote Device,lemon-gifts-bake.loca.lt,UDP,53,0,3.75,LOW,GATEWAY_SENSE_01,172.26.162.254,84,Unknown,Unknown,Unknown,-,low,39b6f683-3560-4178-a1cf-3652ec1b1c8a
34,2026-02-24 09:44:34,172.26.162.166,Remote Device,netvisor-prem-2026.loca.lt,UDP,53,0,3.72548,LOW,GATEWAY_SENSE_01,172.26.162.254,86,Unknown,Unknown,Unknown,-,low,39b6f683-3560-4178-a1cf-3652ec1b1c8a
35,2026-02-24 09:45:15,172.26.162.254,Remote Device,logs.ap-south-1.amazonaws.com,UDP,53,0,3.12193,LOW,GATEWAY_SENSE_01,172.26.162.166,89,Unknown,Unknown,Unknown,-,low,39b6f683-3560-4178-a1cf-3652ec1b1c8a
36,2026-02-24 09:45:15,172.26.162.254,Remote Device,logs.ap-south-1.amazonaws.com,UDP,53,0,3.12193,LOW,GATEWAY_SENSE_01,172.26.162.166,89,Unknown,Unknown,Unknown,-,low,39b6f683-3560-4178-a1cf-3652ec1b1c8a
37,2026-02-24 09:45:15,172.26.162.254,Remote Device,logs.ap-south-1.amazonaws.com,UDP,53,0,3.12193,LOW,GATEWAY_SENSE_01,172.26.162.166,89,Unknown,Unknown,Unknown,-,low,39b6f683-3560-4178-a1cf-3652ec1b1c8a
38,2026-02-24 09:45:15,172.26.162.254,Remote Device,netvisor-prem-2026.loca.lt,UDP,53,0,3.72548,LOW,GATEWAY_SENSE_01,172.26.162.166,86,Unknown,Unknown,Unknown,-,low,39b6f683-3560-4178-a1cf-3652ec1b1c8a
39,2026-02-24 09:45:15,172.26.162.254,Remote Device,lemon-gifts-bake.loca.lt,UDP,53,0,3.75,LOW,GATEWAY_SENSE_01,172.26.162.166,84,Unknown,Unknown,Unknown,-,low,39b6f683-3560-4178-a1cf-3652ec1b1c8a
40,2026-02-24 09:45:15,172.26.162.166,Remote Device,netvisor-prem-2026.loca.lt,UDP,53,0,3.72548,LOW,GATEWAY_SENSE_01,172.26.162.254,86,Unknown,Unknown,Unknown,-,low,39b6f683-3560-4178-a1cf-3652ec1b1c8a
41,2026-02-24 09:45:15,172.26.162.166,Remote Device,lemon-gifts-bake.loca.lt,UDP,53,0,3.75,LOW,GATEWAY_SENSE_01,172.26.162.254,84,Unknown,Unknown,Unknown,-,low,39b6f683-3560-4178-a1cf-3652ec1b1c8a
42,2026-02-24 09:45:15,172.26.162.166,Remote Device,logs.ap-south-1.amazonaws.com,UDP,53,0,3.12193,LOW,GATEWAY_SENSE_01,172.26.162.254,217,Unknown,Unknown,Unknown,-,low,39b6f683-3560-4178-a1cf-3652ec1b1c8a
43,2026-02-24 09:45:15,172.26.162.166,Remote Device,logs.ap-south-1.amazonaws.com,UDP,53,0,3.12193,LOW,GATEWAY_SENSE_01,172.26.162.254,167,Unknown,Unknown,Unknown,-,low,39b6f683-3560-4178-a1cf-3652ec1b1c8a
44,2026-02-24 09:45:15,172.26.162.166,Remote Device,logs.ap-south-1.amazonaws.com,UDP,53,0,3.12193,LOW,GATEWAY_SENSE_01,172.26.162.254,167,Unknown,Unknown,Unknown,-,low,39b6f683-3560-4178-a1cf-3652ec1b1c8a
45,2026-02-24 09:45:15,172.26.162.254,Remote Device,logs.ap-south-1.amazonaws.com,UDP,53,0,3.12193,LOW,GATEWAY_SENSE_01,172.26.162.166,89,Unknown,Unknown,Unknown,-,low,39b6f683-3560-4178-a1cf-3652ec1b1c8a
46,2026-02-24 09:45:15,172.26.162.166,Remote Device,logs.ap-south-1.amazonaws.com,UDP,53,0,3.12193,LOW,GATEWAY_SENSE_01,172.26.162.254,89,Unknown,Unknown,Unknown,-,low,39b6f683-3560-4178-a1cf-3652ec1b1c8a
47,2026-02-24 09:45:16,172.26.162.254,Remote Device,cell-0.ap-south-1.prod.telemetry.console.api.aws,UDP,53,0,3.12193,LOW,GATEWAY_SENSE_01,172.26.162.166,108,Unknown,Unknown,Unknown,-,low,39b6f683-3560-4178-a1cf-3652ec1b1c8a
48,2026-02-24 09:45:16,172.26.162.254,Remote Device,cell-0.ap-south-1.prod.telemetry.console.api.aws,UDP,53,0,3.12193,LOW,GATEWAY_SENSE_01,172.26.162.166,108,Unknown,Unknown,Unknown,-,low,39b6f683-3560-4178-a1cf-3652ec1b1c8a
49,2026-02-24 09:45:16,172.26.162.166,Remote Device,cell-0.ap-south-1.prod.telemetry.console.api.aws,UDP,53,0,3.12193,LOW,GATEWAY_SENSE_01,172.26.162.254,140,Unknown,Unknown,Unknown,-,low,39b6f683-3560-4178-a1cf-3652ec1b1c8a
50,2026-02-24 09:45:16,172.26.162.166,Remote Device,cell-0.ap-south-1.prod.telemetry.console.api.aws,UDP,53,0,3.12193,LOW,GATEWAY_SENSE_01,172.26.162.254,164,Unknown,Unknown,Unknown,-,low,39b6f683-3560-4178-a1cf-3652ec1b1c8a
51,2026-02-24 09:45:16,172.26.162.254,Remote Device,cell-0.ap-south-1.prod.telemetry.console.api.aws,UDP,53,0,3.12193,LOW,GATEWAY_SENSE_01,172.26.162.166,108,Unknown,Unknown,Unknown,-,low,39b6f683-3560-4178-a1cf-3652ec1b1c8a
52,2026-02-24 09:45:16,172.26.162.166,Remote Device,cell-0.ap-south-1.prod.telemetry.console.api.aws,UDP,53,0,3.12193,LOW,GATEWAY_SENSE_01,172.26.162.254,140,Unknown,Unknown,Unknown,-,low,39b6f683-3560-4178-a1cf-3652ec1b1c8a
53,2026-02-24 09:45:16,172.26.162.254,Remote Device,cell-0.ap-south-1.prod.telemetry.console.api.aws,UDP,53,0,3.12193,LOW,GATEWAY_SENSE_01,172.26.162.166,108,Unknown,Unknown,Unknown,-,low,39b6f683-3560-4178-a1cf-3652ec1b1c8a
54,2026-02-24 09:45:16,172.26.162.166,Remote Device,cell-0.ap-south-1.prod.telemetry.console.api.aws,UDP,53,0,3.12193,LOW,GATEWAY_SENSE_01,172.26.162.254,164,Unknown,Unknown,Unknown,-,low,39b6f683-3560-4178-a1cf-3652ec1b1c8a
55,2026-02-24 09:45:20,172.26.162.254,Remote Device,netvisor-prem-2026.loca.lt,UDP,53,0,3.72548,LOW,GATEWAY_SENSE_01,172.26.162.166,86,Unknown,Unknown,Unknown,-,low,39b6f683-3560-4178-a1cf-3652ec1b1c8a
56,2026-02-24 09:45:20,172.26.162.166,Remote Device,netvisor-prem-2026.loca.lt,UDP,53,0,3.72548,LOW,GATEWAY_SENSE_01,172.26.162.254,86,Unknown,Unknown,Unknown,-,low,39b6f683-3560-4178-a1cf-3652ec1b1c8a
57,2026-02-24 09:45:20,172.26.162.254,Remote Device,lemon-gifts-bake.loca.lt,UDP,53,0,3.75,LOW,GATEWAY_SENSE_01,172.26.162.166,84,Unknown,Unknown,Unknown,-,low,39b6f683-3560-4178-a1cf-3652ec1b1c8a
58,2026-02-24 09:45:20,172.26.162.166,Remote Device,lemon-gifts-bake.loca.lt,UDP,53,0,3.75,LOW,GATEWAY_SENSE_01,172.26.162.254,84,Unknown,Unknown,Unknown,-,low,39b6f683-3560-4178-a1cf-3652ec1b1c8a
59,2026-02-24 09:45:50,172.26.162.254,Remote Device,merino.services.mozilla.com,UDP,53,0,2.5,LOW,GATEWAY_SENSE_01,172.26.162.166,87,Unknown,Unknown,Unknown,-,low,39b6f683-3560-4178-a1cf-3652ec1b1c8a
60,2026-02-24 09:45:50,172.26.162.254,Remote Device,merino.services.mozilla.com,UDP,53,0,2.5,LOW,GATEWAY_SENSE_01,172.26.162.166,87,Unknown,Unknown,Unknown,-,low,39b6f683-3560-4178-a1cf-3652ec1b1c8a
61,2026-02-24 09:45:50,172.26.162.254,Remote Device,netvisor-prem-2026.loca.lt,UDP,53,0,3.72548,LOW,GATEWAY_SENSE_01,172.26.162.166,86,Unknown,Unknown,Unknown,-,low,39b6f683-3560-4178-a1cf-3652ec1b1c8a
62,2026-02-24 09:45:50,172.26.162.254,Remote Device,lemon-gifts-bake.loca.lt,UDP,53,0,3.75,LOW,GATEWAY_SENSE_01,172.26.162.166,84,Unknown,Unknown,Unknown,-,low,39b6f683-3560-4178-a1cf-3652ec1b1c8a
63,2026-02-24 09:45:50,172.26.162.166,Remote Device,lemon-gifts-bake.loca.lt,UDP,53,0,3.75,LOW,GATEWAY_SENSE_01,172.26.162.254,84,Unknown,Unknown,Unknown,-,low,39b6f683-3560-4178-a1cf-3652ec1b1c8a
64,2026-02-24 09:45:50,172.26.162.166,Remote Device,netvisor-prem-2026.loca.lt,UDP,53,0,3.72548,LOW,GATEWAY_SENSE_01,172.26.162.254,86,Unknown,Unknown,Unknown,-,low,39b6f683-3560-4178-a1cf-3652ec1b1c8a
65,2026-02-24 09:45:50,172.26.162.166,Remote Device,merino.services.mozilla.com,UDP,53,0,2.5,LOW,GATEWAY_SENSE_01,172.26.162.254,211,Unknown,Unknown,Unknown,-,low,39b6f683-3560-4178-a1cf-3652ec1b1c8a
66,2026-02-24 09:45:50,172.26.162.166,Remote Device,merino.services.mozilla.com,UDP,53,0,2.5,LOW,GATEWAY_SENSE_01,172.26.162.254,223,Unknown,Unknown,Unknown,-,low,39b6f683-3560-4178-a1cf-3652ec1b1c8a
67,2026-02-24 09:45:50,172.26.162.254,Remote Device,mozilla.map.fastly.net,UDP,53,0,2.52164,LOW,GATEWAY_SENSE_01,172.26.162.166,82,Unknown,Unknown,Unknown,-,low,39b6f683-3560-4178-a1cf-3652ec1b1c8a
68,2026-02-24 09:45:50,172.26.162.254,Remote Device,mozilla.map.fastly.net,UDP,53,0,2.52164,LOW,GATEWAY_SENSE_01,172.26.162.166,82,Unknown,Unknown,Unknown,-,low,39b6f683-3560-4178-a1cf-3652ec1b1c8a
69,2026-02-24 09:45:50,172.26.162.166,Remote Device,mozilla.map.fastly.net,UDP,53,0,2.52164,LOW,GATEWAY_SENSE_01,172.26.162.254,110,Unknown,Unknown,Unknown,-,low,39b6f683-3560-4178-a1cf-3652ec1b1c8a
70,2026-02-24 09:45:50,172.26.162.166,Remote Device,mozilla.map.fastly.net,UDP,53,0,2.52164,LOW,GATEWAY_SENSE_01,172.26.162.254,98,Unknown,Unknown,Unknown,-,low,39b6f683-3560-4178-a1cf-3652ec1b1c8a
71,2026-02-24 09:45:56,172.26.162.254,Remote Device,lemon-gifts-bake.loca.lt,UDP,53,0,3.75,LOW,GATEWAY_SENSE_01,172.26.162.166,84,Unknown,Unknown,Unknown,-,low,39b6f683-3560-4178-a1cf-3652ec1b1c8a
72,2026-02-24 09:45:56,172.26.162.166,Remote Device,lemon-gifts-bake.loca.lt,UDP,53,0,3.75,LOW,GATEWAY_SENSE_01,172.26.162.254,84,Unknown,Unknown,Unknown,-,low,39b6f683-3560-4178-a1cf-3652ec1b1c8a
73,2026-02-24 09:45:56,172.26.162.254,Remote Device,netvisor-prem-2026.loca.lt,UDP,53,0,3.72548,LOW,GATEWAY_SENSE_01,172.26.162.166,86,Unknown,Unknown,Unknown,-,low,39b6f683-3560-4178-a1cf-3652ec1b1c8a
74,2026-02-24 09:45:56,172.26.162.166,Remote Device,netvisor-prem-2026.loca.lt,UDP,53,0,3.72548,LOW,GATEWAY_SENSE_01,172.26.162.254,86,Unknown,Unknown,Unknown,-,low,39b6f683-3560-4178-a1cf-3652ec1b1c8a
75,2026-02-24 09:46:29,172.26.162.254,Remote Device,us-east-1.ctrl.prod.os.notifications.aws.dev,UDP,53,0,2.87314,LOW,GATEWAY_SENSE_01,172.26.162.166,104,Unknown,Unknown,Unknown,-,low,39b6f683-3560-4178-a1cf-3652ec1b1c8a
76,2026-02-24 09:46:29,172.26.162.254,Remote Device,us-east-1.ctrl.prod.os.notifications.aws.dev,UDP,53,0,2.87314,LOW,GATEWAY_SENSE_01,172.26.162.166,104,Unknown,Unknown,Unknown,-,low,39b6f683-3560-4178-a1cf-3652ec1b1c8a
77,2026-02-24 09:46:29,172.26.162.254,Remote Device,netvisor-prem-2026.loca.lt,UDP,53,0,3.72548,LOW,GATEWAY_SENSE_01,172.26.162.166,86,Unknown,Unknown,Unknown,-,low,39b6f683-3560-4178-a1cf-3652ec1b1c8a
78,2026-02-24 09:46:29,172.26.162.254,Remote Device,lemon-gifts-bake.loca.lt,UDP,53,0,3.75,LOW,GATEWAY_SENSE_01,172.26.162.166,84,Unknown,Unknown,Unknown,-,low,39b6f683-3560-4178-a1cf-3652ec1b1c8a
79,2026-02-24 09:46:29,172.26.162.166,Remote Device,us-east-1.ctrl.prod.os.notifications.aws.dev,UDP,53,0,2.87314,LOW,GATEWAY_SENSE_01,172.26.162.254,104,Unknown,Unknown,Unknown,-,low,39b6f683-3560-4178-a1cf-3652ec1b1c8a
80,2026-02-24 09:46:29,172.26.162.166,Remote Device,netvisor-prem-2026.loca.lt,UDP,53,0,3.72548,LOW,GATEWAY_SENSE_01,172.26.162.254,86,Unknown,Unknown,Unknown,-,low,39b6f683-3560-4178-a1cf-3652ec1b1c8a
81,2026-02-24 09:46:29,172.26.162.166,Remote Device,lemon-gifts-bake.loca.lt,UDP,53,0,3.75,LOW,GATEWAY_SENSE_01,172.26.162.254,84,Unknown,Unknown,Unknown,-,low,39b6f683-3560-4178-a1cf-3652ec1b1c8a
82,2026-02-24 09:46:29,172.26.162.166,Remote Device,us-east-1.ctrl.prod.os.notifications.aws.dev,UDP,53,0,2.87314,LOW,GATEWAY_SENSE_01,172.26.162.254,152,Unknown,Unknown,Unknown,-,low,39b6f683-3560-4178-a1cf-3652ec1b1c8a
83,2026-02-24 09:46:29,172.26.162.254,Remote Device,us-east-1.ctrl.prod.os.notifications.aws.dev,UDP,53,0,2.87314,LOW,GATEWAY_SENSE_01,172.26.162.166,104,Unknown,Unknown,Unknown,-,low,39b6f683-3560-4178-a1cf-3652ec1b1c8a
84,2026-02-24 09:46:29,172.26.162.166,Remote Device,us-east-1.ctrl.prod.os.notifications.aws.dev,UDP,53,0,2.87314,LOW,GATEWAY_SENSE_01,172.26.162.254,152,Unknown,Unknown,Unknown,-,low,39b6f683-3560-4178-a1cf-3652ec1b1c8a
85,2026-02-24 09:46:29,172.26.162.254,Remote Device,us-east-1.ctrl.prod.os.notifications.aws.dev,UDP,53,0,2.87314,LOW,GATEWAY_SENSE_01,172.26.162.166,104,Unknown,Unknown,Unknown,-,low,39b6f683-3560-4178-a1cf-3652ec1b1c8a
86,2026-02-24 09:46:29,172.26.162.166,Remote Device,us-east-1.ctrl.prod.os.notifications.aws.dev,UDP,53,0,2.87314,LOW,GATEWAY_SENSE_01,172.26.162.254,104,Unknown,Unknown,Unknown,-,low,39b6f683-3560-4178-a1cf-3652ec1b1c8a
87,2026-02-24 09:46:30,172.26.162.254,Remote Device,cell-0.ap-south-1.prod.telemetry.console.api.aws,UDP,53,0,3.12193,LOW,GATEWAY_SENSE_01,172.26.162.166,108,Unknown,Unknown,Unknown,-,low,39b6f683-3560-4178-a1cf-3652ec1b1c8a
88,2026-02-24 09:46:30,172.26.162.254,Remote Device,cell-0.ap-south-1.prod.telemetry.console.api.aws,UDP,53,0,3.12193,LOW,GATEWAY_SENSE_01,172.26.162.166,108,Unknown,Unknown,Unknown,-,low,39b6f683-3560-4178-a1cf-3652ec1b1c8a
89,2026-02-24 09:46:30,172.26.162.166,Remote Device,cell-0.ap-south-1.prod.telemetry.console.api.aws,UDP,53,0,3.12193,LOW,GATEWAY_SENSE_01,172.26.162.254,140,Unknown,Unknown,Unknown,-,low,39b6f683-3560-4178-a1cf-3652ec1b1c8a
90,2026-02-24 09:46:30,172.26.162.166,Remote Device,cell-0.ap-south-1.prod.telemetry.console.api.aws,UDP,53,0,3.12193,LOW,GATEWAY_SENSE_01,172.26.162.254,164,Unknown,Unknown,Unknown,-,low,39b6f683-3560-4178-a1cf-3652ec1b1c8a
91,2026-02-24 09:46:30,172.26.162.254,Remote Device,cell-0.ap-south-1.prod.telemetry.console.api.aws,UDP,53,0,3.12193,LOW,GATEWAY_SENSE_01,172.26.162.166,108,Unknown,Unknown,Unknown,-,low,39b6f683-3560-4178-a1cf-3652ec1b1c8a
92,2026-02-24 09:46:31,172.26.162.166,Remote Device,cell-0.ap-south-1.prod.telemetry.console.api.aws,UDP,53,0,3.12193,LOW,GATEWAY_SENSE_01,172.26.162.254,140,Unknown,Unknown,Unknown,-,low,39b6f683-3560-4178-a1cf-3652ec1b1c8a
93,2026-02-24 09:46:31,172.26.162.254,Remote Device,cell-0.ap-south-1.prod.telemetry.console.api.aws,UDP,53,0,3.12193,LOW,GATEWAY_SENSE_01,172.26.162.166,108,Unknown,Unknown,Unknown,-,low,39b6f683-3560-4178-a1cf-3652ec1b1c8a
94,2026-02-24 09:46:31,172.26.162.166,Remote Device,cell-0.ap-south-1.prod.telemetry.console.api.aws,UDP,53,0,3.12193,LOW,GATEWAY_SENSE_01,172.26.162.254,164,Unknown,Unknown,Unknown,-,low,39b6f683-3560-4178-a1cf-3652ec1b1c8a
95,2026-02-24 09:46:35,172.26.162.254,Remote Device,netvisor-prem-2026.loca.lt,UDP,53,0,3.72548,LOW,GATEWAY_SENSE_01,172.26.162.166,86,Unknown,Unknown,Unknown,-,low,39b6f683-3560-4178-a1cf-3652ec1b1c8a
96,2026-02-24 09:46:35,172.26.162.166,Remote Device,netvisor-prem-2026.loca.lt,UDP,53,0,3.72548,LOW,GATEWAY_SENSE_01,172.26.162.254,86,Unknown,Unknown,Unknown,-,low,39b6f683-3560-4178-a1cf-3652ec1b1c8a
97,2026-02-24 09:46:35,172.26.162.254,Remote Device,lemon-gifts-bake.loca.lt,UDP,53,0,3.75,LOW,GATEWAY_SENSE_01,172.26.162.166,84,Unknown,Unknown,Unknown,-,low,39b6f683-3560-4178-a1cf-3652ec1b1c8a
98,2026-02-24 09:46:35,172.26.162.166,Remote Device,lemon-gifts-bake.loca.lt,UDP,53,0,3.75,LOW,GATEWAY_SENSE_01,172.26.162.254,84,Unknown,Unknown,Unknown,-,low,39b6f683-3560-4178-a1cf-3652ec1b1c8a
99,2026-02-24 09:46:54,172.26.162.254,Remote Device,tm-sdk.platinumai.net,UDP,53,0,2.92193,LOW,GATEWAY_SENSE_01,172.26.162.166,81,Unknown,Unknown,Unknown,-,low,39b6f683-3560-4178-a1cf-3652ec1b1c8a
100,2026-02-24 09:46:54,172.26.162.254,Remote Device,tm-sdk.platinumai.net,UDP,53,0,2.92193,LOW,GATEWAY_SENSE_01,172.26.162.166,81,Unknown,Unknown,Unknown,-,low,39b6f683-3560-4178-a1cf-3652ec1b1c8a
101,2026-02-24 09:46:54,172.26.162.254,Remote Device,netvisor-prem-2026.loca.lt,UDP,53,0,3.72548,LOW,GATEWAY_SENSE_01,172.26.162.166,86,Unknown,Unknown,Unknown,-,low,39b6f683-3560-4178-a1cf-3652ec1b1c8a
102,2026-02-24 09:46:54,172.26.162.254,Remote Device,lemon-gifts-bake.loca.lt,UDP,53,0,3.75,LOW,GATEWAY_SENSE_01,172.26.162.166,84,Unknown,Unknown,Unknown,-,low,39b6f683-3560-4178-a1cf-3652ec1b1c8a
103,2026-02-24 09:46:54,172.26.162.166,Remote Device,tm-sdk.platinumai.net,UDP,53,0,2.92193,LOW,GATEWAY_SENSE_01,172.26.162.254,81,Unknown,Unknown,Unknown,-,low,39b6f683-3560-4178-a1cf-3652ec1b1c8a
104,2026-02-24 09:46:54,172.26.162.166,Remote Device,tm-sdk.platinumai.net,UDP,53,0,2.92193,LOW,GATEWAY_SENSE_01,172.26.162.254,81,Unknown,Unknown,Unknown,-,low,39b6f683-3560-4178-a1cf-3652ec1b1c8a
105,2026-02-24 09:46:54,172.26.162.166,Remote Device,netvisor-prem-2026.loca.lt,UDP,53,0,3.72548,LOW,GATEWAY_SENSE_01,172.26.162.254,86,Unknown,Unknown,Unknown,-,low,39b6f683-3560-4178-a1cf-3652ec1b1c8a
106,2026-02-24 09:46:54,172.26.162.166,Remote Device,lemon-gifts-bake.loca.lt,UDP,53,0,3.75,LOW,GATEWAY_SENSE_01,172.26.162.254,84,Unknown,Unknown,Unknown,-,low,39b6f683-3560-4178-a1cf-3652ec1b1c8a
107,2026-02-24 09:46:54,172.26.162.254,Remote Device,tm-sdk.platinumai.net,UDP,53,0,2.92193,LOW,GATEWAY_SENSE_01,172.26.162.166,81,Unknown,Unknown,Unknown,-,low,39b6f683-3560-4178-a1cf-3652ec1b1c8a
108,2026-02-24 09:46:54,172.26.162.166,Remote Device,tm-sdk.platinumai.net,UDP,53,0,2.92193,LOW,GATEWAY_SENSE_01,172.26.162.254,81,Unknown,Unknown,Unknown,-,low,39b6f683-3560-4178-a1cf-3652ec1b1c8a
109,2026-02-24 09:47:02,172.26.162.254,Remote Device,settings-win.data.microsoft.com,UDP,53,0,0.0,LOW,GATEWAY_SENSE_01,172.26.162.166,91,Unknown,Unknown,Unknown,-,low,39b6f683-3560-4178-a1cf-3652ec1b1c8a
110,2026-02-24 09:47:02,172.26.162.254,Remote Device,settings-win.data.microsoft.com,UDP,53,0,0.0,LOW,GATEWAY_SENSE_01,172.26.162.166,91,Unknown,Unknown,Unknown,-,low,39b6f683-3560-4178-a1cf-3652ec1b1c8a
111,2026-02-24 09:47:02,172.26.162.254,Remote Device,netvisor-prem-2026.loca.lt,UDP,53,0,3.72548,LOW,GATEWAY_SENSE_01,172.26.162.166,86,Unknown,Unknown,Unknown,-,low,39b6f683-3560-4178-a1cf-3652ec1b1c8a
112,2026-02-24 09:47:02,172.26.162.254,Remote Device,lemon-gifts-bake.loca.lt,UDP,53,0,3.75,LOW,GATEWAY_SENSE_01,172.26.162.166,84,Unknown,Unknown,Unknown,-,low,39b6f683-3560-4178-a1cf-3652ec1b1c8a
113,2026-02-24 09:47:02,172.26.162.166,Remote Device,netvisor-prem-2026.loca.lt,UDP,53,0,3.72548,LOW,GATEWAY_SENSE_01,172.26.162.254,86,Unknown,Unknown,Unknown,-,low,39b6f683-3560-4178-a1cf-3652ec1b1c8a
114,2026-02-24 09:47:02,172.26.162.166,Remote Device,lemon-gifts-bake.loca.lt,UDP,53,0,3.75,LOW,GATEWAY_SENSE_01,172.26.162.254,84,Unknown,Unknown,Unknown,-,low,39b6f683-3560-4178-a1cf-3652ec1b1c8a
115,2026-02-24 09:47:02,172.26.162.166,Remote Device,settings-win.data.microsoft.com,UDP,53,0,0.0,LOW,GATEWAY_SENSE_01,172.26.162.254,270,Unknown,Unknown,Unknown,-,low,39b6f683-3560-4178-a1cf-3652ec1b1c8a
116,2026-02-24 09:47:02,172.26.162.166,Remote Device,settings-win.data.microsoft.com,UDP,53,0,0.0,LOW,GATEWAY_SENSE_01,172.26.162.254,226,Unknown,Unknown,Unknown,-,low,39b6f683-3560-4178-a1cf-3652ec1b1c8a
117,2026-02-24 09:47:06,172.26.162.254,Remote Device,us-east-1.ctrl.prod.os.notifications.aws.dev,UDP,53,0,2.87314,LOW,GATEWAY_SENSE_01,172.26.162.166,104,Unknown,Unknown,Unknown,-,low,39b6f683-3560-4178-a1cf-3652ec1b1c8a
118,2026-02-24 09:47:06,172.26.162.254,Remote Device,us-east-1.ctrl.prod.os.notifications.aws.dev,UDP,53,0,2.87314,LOW,GATEWAY_SENSE_01,172.26.162.166,104,Unknown,Unknown,Unknown,-,low,39b6f683-3560-4178-a1cf-3652ec1b1c8a
119,2026-02-24 09:47:06,172.26.162.166,Remote Device,us-east-1.ctrl.prod.os.notifications.aws.dev,UDP,53,0,2.87314,LOW,GATEWAY_SENSE_01,172.26.162.254,104,Unknown,Unknown,Unknown,-,low,39b6f683-3560-4178-a1cf-3652ec1b1c8a
120,2026-02-24 09:47:06,172.26.162.166,Remote Device,us-east-1.ctrl.prod.os.notifications.aws.dev,UDP,53,0,2.87314,LOW,GATEWAY_SENSE_01,172.26.162.254,152,Unknown,Unknown,Unknown,-,low,39b6f683-3560-4178-a1cf-3652ec1b1c8a
121,2026-02-24 09:47:06,172.26.162.254,Remote Device,us-east-1.ctrl.prod.os.notifications.aws.dev,UDP,53,0,2.87314,LOW,GATEWAY_SENSE_01,172.26.162.166,104,Unknown,Unknown,Unknown,-,low,39b6f683-3560-4178-a1cf-3652ec1b1c8a
122,2026-02-24 09:47:06,172.26.162.166,Remote Device,us-east-1.ctrl.prod.os.notifications.aws.dev,UDP,53,0,2.87314,LOW,GATEWAY_SENSE_01,172.26.162.254,152,Unknown,Unknown,Unknown,-,low,39b6f683-3560-4178-a1cf-3652ec1b1c8a
123,2026-02-24 09:47:06,172.26.162.254,Remote Device,us-east-1.ctrl.prod.os.notifications.aws.dev,UDP,53,0,2.87314,LOW,GATEWAY_SENSE_01,172.26.162.166,104,Unknown,Unknown,Unknown,-,low,39b6f683-3560-4178-a1cf-3652ec1b1c8a
124,2026-02-24 09:47:06,172.26.162.166,Remote Device,us-east-1.ctrl.prod.os.notifications.aws.dev,UDP,53,0,2.87314,LOW,GATEWAY_SENSE_01,172.26.162.254,104,Unknown,Unknown,Unknown,-,low,39b6f683-3560-4178-a1cf-3652ec1b1c8a
125,2026-02-24 09:47:07,172.26.162.254,Remote Device,netvisor-prem-2026.loca.lt,UDP,53,0,3.72548,LOW,GATEWAY_SENSE_01,172.26.162.166,86,Unknown,Unknown,Unknown,-,low,39b6f683-3560-4178-a1cf-3652ec1b1c8a
126,2026-02-24 09:47:07,172.26.162.166,Remote Device,netvisor-prem-2026.loca.lt,UDP,53,0,3.72548,LOW,GATEWAY_SENSE_01,172.26.162.254,86,Unknown,Unknown,Unknown,-,low,39b6f683-3560-4178-a1cf-3652ec1b1c8a
127,2026-02-24 09:47:08,172.26.162.254,Remote Device,lemon-gifts-bake.loca.lt,UDP,53,0,3.75,LOW,GATEWAY_SENSE_01,172.26.162.166,84,Unknown,Unknown,Unknown,-,low,39b6f683-3560-4178-a1cf-3652ec1b1c8a
128,2026-02-24 09:47:08,172.26.162.166,Remote Device,lemon-gifts-bake.loca.lt,UDP,53,0,3.75,LOW,GATEWAY_SENSE_01,172.26.162.254,84,Unknown,Unknown,Unknown,-,low,39b6f683-3560-4178-a1cf-3652ec1b1c8a
129,2026-02-24 09:47:08,172.26.162.254,Remote Device,cell-0.ap-south-1.prod.telemetry.console.api.aws,UDP,53,0,3.12193,LOW,GATEWAY_SENSE_01,172.26.162.166,108,Unknown,Unknown,Unknown,-,low,39b6f683-3560-4178-a1cf-3652ec1b1c8a
130,2026-02-24 09:47:08,172.26.162.254,Remote Device,cell-0.ap-south-1.prod.telemetry.console.api.aws,UDP,53,0,3.12193,LOW,GATEWAY_SENSE_01,172.26.162.166,108,Unknown,Unknown,Unknown,-,low,39b6f683-3560-4178-a1cf-3652ec1b1c8a
131,2026-02-24 09:47:08,172.26.162.166,Remote Device,cell-0.ap-south-1.prod.telemetry.console.api.aws,UDP,53,0,3.12193,LOW,GATEWAY_SENSE_01,172.26.162.254,280,Unknown,Unknown,Unknown,-,low,39b6f683-3560-4178-a1cf-3652ec1b1c8a
132,2026-02-24 09:47:09,172.26.162.254,Remote Device,cell-0.ap-south-1.prod.telemetry.console.api.aws,UDP,53,0,3.12193,LOW,GATEWAY_SENSE_01,172.26.162.166,108,Unknown,Unknown,Unknown,-,low,39b6f683-3560-4178-a1cf-3652ec1b1c8a
133,2026-02-24 09:47:10,172.26.162.166,Remote Device,cell-0.ap-south-1.prod.telemetry.console.api.aws,UDP,53,0,3.12193,LOW,GATEWAY_SENSE_01,172.26.162.254,304,Unknown,Unknown,Unknown,-,low,39b6f683-3560-4178-a1cf-3652ec1b1c8a
134,2026-02-24 09:47:10,172.26.162.254,Remote Device,cell-0.ap-south-1.prod.telemetry.console.api.aws,UDP,53,0,3.12193,LOW,GATEWAY_SENSE_01,172.26.162.166,108,Unknown,Unknown,Unknown,-,low,39b6f683-3560-4178-a1cf-3652ec1b1c8a
135,2026-02-24 09:47:10,172.26.162.166,Remote Device,cell-0.ap-south-1.prod.telemetry.console.api.aws,UDP,53,0,3.12193,LOW,GATEWAY_SENSE_01,172.26.162.254,140,Unknown,Unknown,Unknown,-,low,39b6f683-3560-4178-a1cf-3652ec1b1c8a
136,2026-02-24 09:47:10,172.26.162.254,Remote Device,cell-0.ap-south-1.prod.telemetry.console.api.aws,UDP,53,0,3.12193,LOW,GATEWAY_SENSE_01,172.26.162.166,108,Unknown,Unknown,Unknown,-,low,39b6f683-3560-4178-a1cf-3652ec1b1c8a
137,2026-02-24 09:47:10,172.26.162.166,Remote Device,cell-0.ap-south-1.prod.telemetry.console.api.aws,UDP,53,0,3.12193,LOW,GATEWAY_SENSE_01,172.26.162.254,164,Unknown,Unknown,Unknown,-,low,39b6f683-3560-4178-a1cf-3652ec1b1c8a
138,2026-02-24 09:47:15,172.26.162.254,Remote Device,lemon-gifts-bake.loca.lt,UDP,53,0,3.75,LOW,GATEWAY_SENSE_01,172.26.162.166,84,Unknown,Unknown,Unknown,-,low,39b6f683-3560-4178-a1cf-3652ec1b1c8a
139,2026-02-24 09:47:15,172.26.162.254,Remote Device,netvisor-prem-2026.loca.lt,UDP,53,0,3.72548,LOW,GATEWAY_SENSE_01,172.26.162.166,86,Unknown,Unknown,Unknown,-,low,39b6f683-3560-4178-a1cf-3652ec1b1c8a
140,2026-02-24 09:47:15,172.26.162.166,Remote Device,netvisor-prem-2026.loca.lt,UDP,53,0,3.72548,LOW,GATEWAY_SENSE_01,172.26.162.254,86,Unknown,Unknown,Unknown,-,low,39b6f683-3560-4178-a1cf-3652ec1b1c8a
141,2026-02-24 09:47:15,172.26.162.166,Remote Device,lemon-gifts-bake.loca.lt,UDP,53,0,3.75,LOW,GATEWAY_SENSE_01,172.26.162.254,84,Unknown,Unknown,Unknown,-,low,39b6f683-3560-4178-a1cf-3652ec1b1c8a
142,2026-02-24 09:47:20,172.26.162.254,Remote Device,netvisor-prem-2026.loca.lt,UDP,53,0,3.72548,LOW,GATEWAY_SENSE_01,172.26.162.166,86,Unknown,Unknown,Unknown,-,low,39b6f683-3560-4178-a1cf-3652ec1b1c8a
143,2026-02-24 09:47:20,172.26.162.166,Remote Device,netvisor-prem-2026.loca.lt,UDP,53,0,3.72548,LOW,GATEWAY_SENSE_01,172.26.162.254,86,Unknown,Unknown,Unknown,-,low,39b6f683-3560-4178-a1cf-3652ec1b1c8a
144,2026-02-24 09:47:22,172.26.162.254,Remote Device,lemon-gifts-bake.loca.lt,UDP,53,0,3.75,LOW,GATEWAY_SENSE_01,172.26.162.166,84,Unknown,Unknown,Unknown,-,low,39b6f683-3560-4178-a1cf-3652ec1b1c8a
145,2026-02-24 09:47:22,172.26.162.166,Remote Device,lemon-gifts-bake.loca.lt,UDP,53,0,3.75,LOW,GATEWAY_SENSE_01,172.26.162.254,84,Unknown,Unknown,Unknown,-,low,39b6f683-3560-4178-a1cf-3652ec1b1c8a
146,2026-02-24 09:48:00,172.26.162.254,Remote Device,dns.msftncsi.com,UDP,53,0,2.75,LOW,GATEWAY_SENSE_01,172.26.162.166,76,Unknown,Unknown,Unknown,-,low,39b6f683-3560-4178-a1cf-3652ec1b1c8a
147,2026-02-24 09:48:00,172.26.162.254,Remote Device,netvisor-prem-2026.loca.lt,UDP,53,0,3.72548,LOW,GATEWAY_SENSE_01,172.26.162.166,86,Unknown,Unknown,Unknown,-,low,39b6f683-3560-4178-a1cf-3652ec1b1c8a
148,2026-02-24 09:48:00,172.26.162.254,Remote Device,lemon-gifts-bake.loca.lt,UDP,53,0,3.75,LOW,GATEWAY_SENSE_01,172.26.162.166,84,Unknown,Unknown,Unknown,-,low,39b6f683-3560-4178-a1cf-3652ec1b1c8a
149,2026-02-24 09:48:00,172.26.162.254,Remote Device,lemon-gifts-bake.loca.lt,UDP,53,0,3.75,LOW,GATEWAY_SENSE_01,172.26.162.166,84,Unknown,Unknown,Unknown,-,low,39b6f683-3560-4178-a1cf-3652ec1b1c8a
150,2026-02-24 09:48:00,172.26.162.166,Remote Device,netvisor-prem-2026.loca.lt,UDP,53,0,3.72548,LOW,GATEWAY_SENSE_01,172.26.162.254,86,Unknown,Unknown,Unknown,-,low,39b6f683-3560-4178-a1cf-3652ec1b1c8a
151,2026-02-24 09:48:00,172.26.162.166,Remote Device,lemon-gifts-bake.loca.lt,UDP,53,0,3.75,LOW,GATEWAY_SENSE_01,172.26.162.254,84,Unknown,Unknown,Unknown,-,low,39b6f683-3560-4178-a1cf-3652ec1b1c8a
152,2026-02-24 09:48:00,172.26.162.166,Remote Device,dns.msftncsi.com,UDP,53,0,2.75,LOW,GATEWAY_SENSE_01,172.26.162.254,92,Unknown,Unknown,Unknown,-,low,39b6f683-3560-4178-a1cf-3652ec1b1c8a
153,2026-02-24 09:48:00,172.26.162.166,Remote Device,lemon-gifts-bake.loca.lt,UDP,53,0,3.75,LOW,GATEWAY_SENSE_01,172.26.162.254,100,Unknown,Unknown,Unknown,-,low,39b6f683-3560-4178-a1cf-3652ec1b1c8a
154,2026-02-24 09:48:05,172.26.162.254,Remote Device,netvisor-prem-2026.loca.lt,UDP,53,0,3.72548,LOW,GATEWAY_SENSE_01,172.26.162.166,86,Unknown,Unknown,Unknown,-,low,39b6f683-3560-4178-a1cf-3652ec1b1c8a
155,2026-02-24 09:48:05,172.26.162.166,Remote Device,netvisor-prem-2026.loca.lt,UDP,53,0,3.72548,LOW,GATEWAY_SENSE_01,172.26.162.254,86,Unknown,Unknown,Unknown,-,low,39b6f683-3560-4178-a1cf-3652ec1b1c8a
156,2026-02-24 09:48:07,172.26.162.254,Remote Device,lemon-gifts-bake.loca.lt,UDP,53,0,3.75,LOW,GATEWAY_SENSE_01,172.26.162.166,84,Unknown,Unknown,Unknown,-,low,39b6f683-3560-4178-a1cf-3652ec1b1c8a
157,2026-02-24 09:48:07,172.26.162.166,Remote Device,lemon-gifts-bake.loca.lt,UDP,53,0,3.75,LOW,GATEWAY_SENSE_01,172.26.162.254,84,Unknown,Unknown,Unknown,-,low,39b6f683-3560-4178-a1cf-3652ec1b1c8a
158,2026-02-24 09:48:09,172.26.162.254,Remote Device,netvisor-prem-2026.loca.lt,UDP,53,0,3.72548,LOW,GATEWAY_SENSE_01,172.26.162.166,86,Unknown,Unknown,Unknown,-,low,39b6f683-3560-4178-a1cf-3652ec1b1c8a
159,2026-02-24 09:48:09,172.26.162.166,Remote Device,netvisor-prem-2026.loca.lt,UDP,53,0,3.72548,LOW,GATEWAY_SENSE_01,172.26.162.254,102,Unknown,Unknown,Unknown,-,low,39b6f683-3560-4178-a1cf-3652ec1b1c8a
